Epoch,Training Loss,Validation Loss
1,1.0146939570742441,0.97084881067276
