Epoch,Training Loss,Validation Loss
1,1.0962349487127816,1.0893810868263245
