Epoch,Training Loss,Training Accuracy,Validation Loss,Validation Accuracy
1,1.0977363569395884,0.3576190476190476,1.096722388267517,0.365
2,1.09460626074246,0.3742857142857143,1.0923009663820267,0.385
3,1.0868327506950923,0.3919047619047619,1.0856924563646317,0.38333333333333336
