Experience,Epoch,TrainLoss,TrainAcc,ValLoss,ValAcc
0,1,0.9920691818817977,0.5059901338971107,0.9010866709274821,0.5445544554455446
0,2,0.9394696972334864,0.5355884425651868,0.909724758403136,0.570957095709571
1,1,1.1022689917122839,0.3488372093023256,1.0995367671003435,0.3333333333333333
1,2,1.098492786949835,0.3460183227625088,1.0979458565759186,0.34983498349834985
2,1,1.1001946084343102,0.32558139534883723,1.098462691401491,0.33993399339933994
2,2,1.0990419556676208,0.321353065539112,1.0989033314261105,0.3465346534653465
