Experience,Epoch,TrainLoss,TrainAcc,ValLoss,ValAcc
0,1,0.005453526354157745,0.9978571428571429,0.0,1.0
