Experience,Epoch,TrainLoss,TrainAcc,ValLoss,ValAcc
0,1,0.6938191283494234,0.5029642857142858,0.6941791379079223,0.5
