Epoch,Training Loss,Training Accuracy,Validation Loss,Validation Accuracy
1,1.1217739284038544,0.0,1.1043893098831177,0.0
2,1.0944706499576569,0.0,1.079043984413147,0.0
3,1.0686417818069458,0.16666666666666666,1.0522701740264893,0.8
4,1.0381509959697723,0.9833333333333333,1.0137804746627808,1.0
5,0.9937080144882202,1.0,0.9618663191795349,1.0
6,0.9325996190309525,1.0,0.8900445103645325,1.0
