Epoch,Training Loss,Training Accuracy,Validation Loss,Validation Accuracy
1,1.0897646196802755,0.37719298245614036,1.0857740274646825,0.3719298245614035
2,1.0791118564014148,0.4012531328320802,1.0827097328085649,0.3906432748538012
3,1.0753405049331206,0.41077694235588974,1.0824366494228965,0.39883040935672515
4,1.0718369708025366,0.42280701754385963,1.0745326719785993,0.408187134502924
